{"Fid":"fbXWRFc1TSuAOO6tvts9EH","Status":3,"AuthToken":"eyJhbGciOiJFUzI1NiIsInR5cCI6IkpXVCJ9.eyJhcHBJZCI6IjE6NDk0NTk3NDQ1MDE0OmFuZHJvaWQ6Nzc5ZDc5Zjc1MTgzYmY2NSIsImV4cCI6MTc2MDQ3MzExMSwiZmlkIjoiZmJYV1JGYzFUU3VBT082dHZ0czlFSCIsInByb2plY3ROdW1iZXIiOjQ5NDU5NzQ0NTAxNH0.AB2LPV8wRQIhAPqaxMSce2fP4jbf6maLIdcJ-iGLB-RDmBqC6qBPl5BCAiBkzlAIRuPwLuTS8OSvp_-rTO1YuKvX7GJTz-16MLVHCA","RefreshToken":"3_AS3qfwLDUxBlf_f1b_xArmRwzy21jkkZUyY7lEjGWLQ03GoEOxO4xjJoZPwmqw4vG70D_VEH7cH_yxOHrc38PDaUxBGmJOgULVLw9tONqslREws","TokenCreationEpochInSecs":1759868310,"ExpiresInSecs":604800}