{"Fid":"c9zpbl_CRhOo3PYqs1DDWz","Status":3,"AuthToken":"eyJhbGciOiJFUzI1NiIsInR5cCI6IkpXVCJ9.eyJhcHBJZCI6IjE6NDk0NTk3NDQ1MDE0OmFuZHJvaWQ6Nzc5ZDc5Zjc1MTgzYmY2NSIsImV4cCI6MTc2MDQ3MjM4NCwiZmlkIjoiYzl6cGJsX0NSaE9vM1BZcXMxRERXeiIsInByb2plY3ROdW1iZXIiOjQ5NDU5NzQ0NTAxNH0.AB2LPV8wRgIhAPCq4EV84SEamw6Rbap9QwrGU41_fRtVMXoFDPFeI7CvAiEAjr5mih-CwhLcLmBBVNjzhw-PPwYo2VagNruD4dW8mLI","RefreshToken":"3_AS3qfwJUFOGTilDDgTrOzMan41GjIWzi3MRsJ6PImiimkatZ8e5jaaK_0rMv30N-kh_qxgv-YoYiipg3aRtO0_lSRqJPDChb2OTVvlzDZiKgGQ","TokenCreationEpochInSecs":1759867583,"ExpiresInSecs":604800}