<?xml version='1.0' encoding='utf-8' standalone='yes' ?>
<map>
    <long name="first_open_time" value="1759867581656" />
    <string name="gmp_app_id">1:494597445014:android:779d79f75183bf65</string>
    <string name="app_instance_id">f801a73c8b7f3d3b9aab759b4a2d22ae</string>
    <long name="session_id" value="1759871304" />
    <boolean name="app_backgrounded" value="true" />
    <long name="health_monitor:start" value="1759867582646" />
    <boolean name="use_service" value="true" />
    <boolean name="deferred_analytics_collection" value="false" />
    <string name="previous_os_version">11</string>
    <boolean name="has_been_opened" value="true" />
    <boolean name="allow_remote_dynamite" value="true" />
    <long name="last_pause_time" value="1759871352288" />
    <boolean name="start_new_session" value="false" />
</map>
