<?xml version='1.0' encoding='utf-8' standalone='yes' ?>
<map>
    <set name="fire-cls/19.3.0 kotlin/2.1.21 fire-installations/18.0.0 android-min-sdk/24 android-installer/ device-brand/Redmi fire-fcm/23.1.2 device-name/excalibur_in fire-analytics/21.5.1 fire-cls-ndk/19.3.0 fire-core/21.0.0 fire-android/30 fire-core-ktx/21.0.0 fire-sessions/2.0.1 android-platform/ device-model/excalibur fire-transport/18.1.8 android-target-sdk/36">
        <string>2025-10-07</string>
    </set>
    <long name="fire-count" value="1" />
    <string name="last-used-date">2025-10-07</string>
    <long name="fire-global" value="1759867582064" />
</map>
